{
  "episode_rewards": [
    -49.89102056046845,
    -17.235993603844832,
    -36.143603501010276,
    -78.06153945565431,
    -35.02330525019229,
    -40.32454313624177,
    -43.53606034124472,
    -22.960529435962723,
    -16.92620911642581,
    -17.00463210677171,
    -33.26937473655421,
    -17.698184571473284,
    -48.63696547780201,
    -62.54461280271299,
    -28.33769878131612,
    -18.369409898300958,
    -30.58015610629098,
    -33.11954265749013,
    -19.509998528891973,
    -65.0251947477927,
    -17.431114691967593,
    -54.74247275202288,
    -92.11584039999691,
    -25.111429095493886,
    -47.11713269316267,
    -18.07730023478377,
    -31.227910344199124,
    -82.79175550482971,
    -74.19909086714281,
    -57.06731756761596,
    -28.6747362159649,
    -56.68614755942382,
    -17.02810467485937,
    -52.34270403773021,
    -16.907707062396675,
    -17.710587374760337,
    -43.859144490601906,
    -54.458604398080794,
    -71.85045735114036,
    -52.01520191745991,
    -53.51103137156298,
    -19.82390559753062,
    -59.06407440453622,
    -52.008396821655104,
    -70.40113484804934,
    -16.006626405958883,
    -83.36016659721037,
    -28.781064834565576,
    -43.55539856854131,
    -18.798009363390662
  ],
  "episode_lengths": [
    405,
    44,
    166,
    344,
    278,
    198,
    241,
    128,
    47,
    41,
    238,
    46,
    260,
    606,
    273,
    51,
    217,
    348,
    53,
    424,
    47,
    299,
    444,
    107,
    221,
    40,
    305,
    376,
    593,
    367,
    129,
    518,
    40,
    432,
    38,
    48,
    407,
    294,
    461,
    239,
    248,
    49,
    387,
    345,
    576,
    40,
    452,
    317,
    360,
    46
  ],
  "episode_distances": [
    -0.8728454838428418,
    0.05304595247125899,
    -0.46773077717329814,
    -1.31753825819759,
    0.6667629027589513,
    -0.011156295209831538,
    -0.5466285101764916,
    0.12473334194405698,
    0.07660228400435555,
    0.024740900973967094,
    0.03652721728052887,
    0.057830652047871814,
    -0.8355586990913609,
    -0.02133850653166562,
    0.053843275093562695,
    0.06915820768275865,
    -0.09515273940917952,
    0.11511011423191224,
    0.06454303140559456,
    0.6017366681883313,
    0.06944397361520954,
    -0.5297100302128479,
    -1.8662497682700527,
    -0.05938818266579844,
    -0.25666848573353673,
    0.014904655447073218,
    -1.0046047861401861,
    -1.7066738775743837,
    0.10283914363866088,
    -1.02761702822802,
    -0.04135951209547216,
    -1.2051668537296745,
    0.029798245274063658,
    0.05368424521838199,
    0.01626679927994151,
    0.06937113904376492,
    -0.5480873276665225,
    -0.9042980406188663,
    -0.9975299705806988,
    -0.7736971415165654,
    -0.9339992430921528,
    0.042115309876435546,
    0.5696197342317088,
    -0.8888947385998928,
    -1.7445445606716918,
    0.037204041136208975,
    -0.15003823179132028,
    -0.1301368665002201,
    0.8888512858600128,
    0.05217143765463822
  ],
  "losses": [
    1.6614167969129239,
    1.3973696394400164,
    1.9317286815269883,
    1.3234281546847766,
    1.384434845271728,
    1.3364776461714445,
    0.949379681675266,
    1.3458525447640568,
    1.364978294740332,
    1.254496340344592,
    1.2372946796171806,
    1.443692345334136,
    1.250105288051642,
    1.2930849399110271,
    1.3605473874471126,
    1.486736562906527,
    1.4065055582105839,
    1.5213398856335674,
    1.9000083129360992,
    1.2917559141960908,
    1.686698169784343,
    1.453095765915204,
    1.6606073285545315,
    1.1209136275487526,
    1.5566436075247252,
    2.113642004132271,
    1.5370144223580595,
    1.853553352679344,
    1.4328515145167533,
    1.4572088604726974,
    1.4162330918533856,
    1.447731547431596,
    1.2360843800008297,
    1.4565170988164566,
    1.1219408323890285,
    1.3357839832703273,
    1.3687709443985099,
    1.089063314657633,
    0.9919125221168659,
    1.1772960199970581,
    1.0396246950953238,
    0.9651831193846099,
    0.926305644964987,
    0.8333046129648236,
    0.9627816822483308,
    0.7637014538049698,
    0.8612484631944547,
    0.9123064472284227,
    1.054778829548094,
    0.8817598379176596
  ]
}